id,title,description,availability,condition,price,link,image_link,brand,product_type,custom_label_0
PKG-FLOWERS,باقة التسويق — الورود والهدايا والتغليف,"قسم التسويق الكامل لمتجر الورود والهدايا: خطة كل موسم قبل بدايته بستة أسابيع، تصوير باقات بخلفية موحّدة، وتصميم بطاقات الإهداء والتغليف. السعر يبدأ من 1,750 ر.س شهرياً قبل الضريبة ولا يشمل ميزانية الإعلان.",in stock,new,1750.00 SAR,https://nubl-ebtikar.online/marketing/packages?utm_source=meta&utm_medium=catalog&utm_campaign=nubl_catalog#flowers,https://nubl-ebtikar.online/marketing/catalog/pkg-flowers.jpg,نُبل وابتكار للتسويق,خدمات تسويق > باقات شهرية,package
PKG-FOOD,باقة التسويق — المطاعم والمقاهي والحلويات,"إدارة تسويق مطعمك أو مقهاك: تصوير أطباق بإضاءة استوديو، إدارة خرائط جوجل والرد على التقييمات، ومنيو وستيكرات تغليف مطبوعة. يبدأ من 1,950 ر.س شهرياً قبل الضريبة.",in stock,new,1950.00 SAR,https://nubl-ebtikar.online/marketing/packages?utm_source=meta&utm_medium=catalog&utm_campaign=nubl_catalog#food,https://nubl-ebtikar.online/marketing/catalog/pkg-food.jpg,نُبل وابتكار للتسويق,خدمات تسويق > باقات شهرية,package
PKG-EVENTS,باقة التسويق — المناسبات والأفراح والفعاليات,"الدعوة واللوحة والتغطية والريل من منظومة واحدة: تغطية فوتو وفيديو، دعوات ولوحات ترحيب ودروع، وريل ملخّص خلال 72 ساعة. يبدأ من 2,500 ر.س شهرياً قبل الضريبة.",in stock,new,2500.00 SAR,https://nubl-ebtikar.online/marketing/packages?utm_source=meta&utm_medium=catalog&utm_campaign=nubl_catalog#events,https://nubl-ebtikar.online/marketing/catalog/pkg-events.jpg,نُبل وابتكار للتسويق,خدمات تسويق > باقات شهرية,package
PKG-RETAIL,باقة التسويق — التجزئة والمتاجر الإلكترونية,"رفع مبيعات متجرك: تحسين صفحات المنتج في سلة وزد، قياس التحويل مربوط بالمبيعات الفعلية، وتصوير منتجات جاهز للمتجر. يبدأ من 2,200 ر.س شهرياً قبل الضريبة.",in stock,new,2200.00 SAR,https://nubl-ebtikar.online/marketing/packages?utm_source=meta&utm_medium=catalog&utm_campaign=nubl_catalog#retail,https://nubl-ebtikar.online/marketing/catalog/pkg-retail.jpg,نُبل وابتكار للتسويق,خدمات تسويق > باقات شهرية,package
PKG-PRO,باقة التسويق — الخدمات المهنية والعقار,"عملاء محتملون جادّون لا مجرد تفاعل: نموذج التقاط وتأهيل، فيديو تعريفي بالخدمة أو المشروع، ومطبوعات المكتب والعروض. يبدأ من 2,300 ر.س شهرياً قبل الضريبة.",in stock,new,2300.00 SAR,https://nubl-ebtikar.online/marketing/packages?utm_source=meta&utm_medium=catalog&utm_campaign=nubl_catalog#pro,https://nubl-ebtikar.online/marketing/catalog/pkg-pro.jpg,نُبل وابتكار للتسويق,خدمات تسويق > باقات شهرية,package
PKG-NPO,باقة التسويق — الجمعيات والقطاع غير الربحي,"حملات جمع تبرعات بمسار دفع مقاس، تقرير أثر مصمّم للجهات الإشرافية والمانحين، وتوثيق ميداني فوتو وفيديو. يبدأ من 2,400 ر.س شهرياً قبل الضريبة.",in stock,new,2400.00 SAR,https://nubl-ebtikar.online/marketing/packages?utm_source=meta&utm_medium=catalog&utm_campaign=nubl_catalog#npo,https://nubl-ebtikar.online/marketing/catalog/pkg-npo.jpg,نُبل وابتكار للتسويق,خدمات تسويق > باقات شهرية,package
PKG-CORP,باقة التسويق — المصانع والشركات والجهات الحكومية,"صورة مؤسسية بمعيار لجان المشتريات: ملف تعريفي، تصوير صناعي وفيديو خط الإنتاج، ومحتوى B2B على لينكدإن ومطبوعات المعارض. يبدأ من 2,900 ر.س شهرياً قبل الضريبة.",in stock,new,2900.00 SAR,https://nubl-ebtikar.online/marketing/packages?utm_source=meta&utm_medium=catalog&utm_campaign=nubl_catalog#corp,https://nubl-ebtikar.online/marketing/catalog/pkg-corp.jpg,نُبل وابتكار للتسويق,خدمات تسويق > باقات شهرية,package
SRV-DIAG,جلسة تشخيص تسويقي مجانية — 45 دقيقة,جلسة 45 دقيقة لأصحاب المنشآت تنتهي بتشخيص مكتوب لتسويقك خلال 48 ساعة تحتفظ به سواء تعاقدنا أو لا، وعرض سعر مفصّل خلال 72 ساعة.,in stock,new,0.00 SAR,https://nubl-ebtikar.online/marketing/contact?utm_source=meta&utm_medium=catalog&utm_campaign=nubl_catalog,https://nubl-ebtikar.online/marketing/catalog/srv-diag.jpg,نُبل وابتكار للتسويق,خدمات تسويق > خدمات مفردة,service
SRV-PHOTO-HALF,تصوير منتجات — نصف يوم,حتى 30 منتجاً بخلفية بيضاء أو مصمّمة، باستوديو داخلي ومعدات مملوكة بلا وسطاء. تسليم خلال 3 أيام. السعر قبل الضريبة.,in stock,new,1800.00 SAR,https://nubl-ebtikar.online/marketing/services?utm_source=meta&utm_medium=catalog&utm_campaign=nubl_catalog#photo,https://nubl-ebtikar.online/marketing/catalog/srv-photo-half.jpg,نُبل وابتكار للتسويق,خدمات تسويق > خدمات مفردة,service
SRV-VIDEO-30,فيديو إعلاني قصير حتى 30 ثانية,سيناريو وتصوير ومونتاج وموسيقى مرخّصة، جاهز للنشر على المنصات والإعلانات. تسليم خلال 7 أيام. السعر قبل الضريبة.,in stock,new,2400.00 SAR,https://nubl-ebtikar.online/marketing/services?utm_source=meta&utm_medium=catalog&utm_campaign=nubl_catalog#photo,https://nubl-ebtikar.online/marketing/catalog/srv-video-30.jpg,نُبل وابتكار للتسويق,خدمات تسويق > خدمات مفردة,service
SRV-IDENTITY,هوية بصرية كاملة ودليل استخدام,نظام هوية بصرية متكامل مع دليل استخدام PDF وملفات مفتوحة، بيد مصمم يعرف ما سيُطبع. تسليم خلال 3 أسابيع. السعر قبل الضريبة.,in stock,new,6500.00 SAR,https://nubl-ebtikar.online/marketing/services?utm_source=meta&utm_medium=catalog&utm_campaign=nubl_catalog#brand,https://nubl-ebtikar.online/marketing/catalog/srv-identity.jpg,نُبل وابتكار للتسويق,خدمات تسويق > خدمات مفردة,service
SRV-STORE,متجر إلكتروني على سلة أو زد,تهيئة كاملة للمتجر، رفع 50 منتجاً، وربط الدفع والشحن. تسليم خلال 4 أسابيع. السعر قبل الضريبة.,in stock,new,9500.00 SAR,https://nubl-ebtikar.online/marketing/services?utm_source=meta&utm_medium=catalog&utm_campaign=nubl_catalog#stores,https://nubl-ebtikar.online/marketing/catalog/srv-store.jpg,نُبل وابتكار للتسويق,خدمات تسويق > خدمات مفردة,service
SRV-PROFILE,ملف تعريفي مؤسسي — تصميم وطباعة 50 نسخة,ملف تعريفي بمعيار لجان المشتريات، تصميم وطباعة من الجهة نفسها. تسليم خلال 12 يوماً. السعر قبل الضريبة.,in stock,new,4900.00 SAR,https://nubl-ebtikar.online/marketing/services?utm_source=meta&utm_medium=catalog&utm_campaign=nubl_catalog#print,https://nubl-ebtikar.online/marketing/catalog/srv-profile.jpg,نُبل وابتكار للتسويق,خدمات تسويق > خدمات مفردة,service
